food_item,mean,median,sd,ci_95_lower,ci_95_upper,cv_pct
Wheat bread,0.050017873,0.049980659,0.002091615,0.046057622,0.054251064,4.181735985
Beef burger,0.149970177,0.149842599,0.007305301,0.136011434,0.164919965,4.871169056
